{
 "torch_threads": 25,
 "batch_size": 8,
 "epoch": 5,
 "d_model": 8,
 "d_inner_hid": 8,
 "n_warmup_steps": 3,
 "warmup": 3,
 "reward": -0.000319186263741591,
 "tau": 0.003168986856014624,
 "row": 0.003881175880131856,
 "hits@1": 0.4179728317659352,
 "map@1": 0.4179728317659352,
 "hits@5": 0.5245559038662487,
 "map@5": 0.45830721003134794,
 "hits@10": 0.5799373040752351,
 "map@10": 0.4659882901262211,
 "hits@20": 0.6154649947753396,
 "map@20": 0.4684855786840997,
 "hits@50": 0.6572622779519331,
 "map@50": 0.4698605475871014,
 "hits@100": 0.6917450365726228,
 "map@100": 0.47034478319430195
}