{
 "torch_threads": 25,
 "batch_size": 8,
 "epoch": 10,
 "d_model": 8,
 "d_inner_hid": 8,
 "n_warmup_steps": 3,
 "warmup": 3,
 "reward": 0.0,
 "tau": 0.0031800379355336954,
 "row": 0.0038947075201886446,
 "hits@1": 0.4608150470219436,
 "map@1": 0.4608150470219436,
 "hits@5": 0.5517241379310345,
 "map@5": 0.49750957854406125,
 "hits@10": 0.5914315569487983,
 "map@10": 0.5029743245260486,
 "hits@20": 0.6374085684430512,
 "map@20": 0.5061185419135719,
 "hits@50": 0.677115987460815,
 "map@50": 0.5074393786783763,
 "hits@100": 0.7147335423197492,
 "map@100": 0.5079641732678976
}