{
 "batch_size": 8,
 "epoch": 5,
 "d_model": 16,
 "d_inner_hid": 16,
 "n_warmup_steps": 100,
 "warmup": 3,
 "reward": 0.0,
 "hits@1": 0.358695652173913,
 "map@1": 0.358695652173913,
 "hits@5": 0.44565217391304346,
 "map@5": 0.38677536231884063,
 "hits@10": 0.5054347826086957,
 "map@10": 0.394593253968254,
 "hits@20": 0.5380434782608695,
 "map@20": 0.3967848124098124,
 "hits@50": 0.5978260869565217,
 "map@50": 0.39869915421734464,
 "hits@100": 0.6358695652173914,
 "map@100": 0.3991976449031301
}